,pca,pls
196509,-2.533490970503936,-0.4501878494999675
196510,-2.316870921288106,-0.46734893888093587
196511,-1.809660279708101,-0.15831396509836992
196512,-1.85256349901029,-0.18021149365758904
196601,-2.153616459285926,-0.31216774336192976
196602,-1.5990508940875794,0.7236087103312505
196603,-1.455697347922335,0.44506922488626466
196604,-1.1358890493043663,0.7460871309288929
196605,-1.8267686190246133,-0.025753929142585563
196606,-1.1018251567921697,0.4901776564978081
196607,-1.3609743556863882,0.20828496590382223
196608,-1.4870013440843217,-0.048142366866637976
196609,-1.7517431098400627,-0.08487888487724704
196610,-2.2415870823284822,-0.43798692948887286
196611,-1.8638988230323932,-0.12618719367596698
196612,-1.654511413970402,0.05042139734620976
196701,-0.7749652405715054,1.0912788595354201
196702,-1.3304987954417493,0.28446096249638286
196703,-1.1261248258175238,0.7262260695763346
196704,-1.1482088607658392,0.5175231601703281
196705,-0.788973513678858,0.8474774146115396
196706,-0.19441926311938573,1.5387879245967797
196707,-0.09488178351506389,1.3852103576479364
196708,0.451692216424638,1.8786066594610662
196709,0.28278768811186655,1.4440896744706113
196710,0.5118000809674512,1.305828375242477
196711,0.9939027316606927,1.7289651697105968
196712,2.405108301502166,3.093481107161239
196801,1.5823018326815987,1.9699806406186364
196802,1.0047577233991456,0.9823576884787717
196803,1.1361408293682802,1.2459665632914383
196804,1.5953978818979933,1.8283051764242848
196805,2.8239746299782413,2.9610539236807227
196806,2.3056776769074525,2.4053555654078242
196807,2.2515768884922984,2.03595308796923
196808,1.76156259968775,1.6293901538718578
196809,2.4215119788104422,2.212181088781125
196810,2.590728756000115,1.537978752220313
196811,2.892967753616228,1.9711220028379142
196812,3.6265954001624214,1.7829858778986072
196901,3.4677898165741796,1.6480809983284317
196902,2.5330536513292254,0.9017584859594256
196903,3.0780198164705275,0.9590293020236166
196904,2.8615111811783,1.0751560546995527
196905,2.6778141748525544,0.9911635380470716
196906,2.1773119572338295,0.3412328543932306
196907,0.9154306863150237,-0.30032608658698834
196908,1.2399947639822158,0.3780724413200197
196909,1.8700018098506033,0.28793800045656115
196910,2.5766106039537093,0.7126012014248074
196911,2.194294653757243,0.6917815438996144
196912,1.8453646874235028,0.043575797574957
197001,1.9612814924130229,0.38276522466214885
197002,0.7924003447015943,-0.08735035919417522
197003,0.7347027821325162,-0.36711310088375637
197004,0.16785343996052818,-0.7832092763207615
197005,-0.8606755097446968,-1.3921391537862808
197006,-0.21188403544451925,-0.39104038180848966
197007,-0.33302353652587535,-0.6213905419256106
197008,-0.9151114061472104,-0.8686958877147036
197009,-0.2695500951909881,-0.3466713057887282
197010,-0.6646647596837021,-0.4372247406787936
197011,-0.5984315866575023,-0.17220581716915784
197012,-0.862611153933019,-0.49229084184590877
197101,-0.4274299050956775,0.09412566883604978
197102,-0.31694485681325807,0.4488247487535115
197103,-0.34378961719678064,0.02941396627547377
197104,-0.1964532887743341,0.6520479915389459
197105,-0.7548945397389982,0.15860507103654348
197106,-0.8354388004912497,0.27770320937351006
197107,-1.2087867961587442,-0.41591484780883115
197108,-0.5911862122306535,0.7155745389140357
197109,-1.097731320692718,-0.04045278944772979
197110,-1.073530749559884,-0.051263177917618474
197111,-0.7433925847554967,0.18888402355328526
197112,-0.6241109069740968,0.34373484147301114
197201,-0.6189658340190336,0.17355353184861166
197202,-0.7395182059166425,0.4415686660802285
197203,-0.31005839354141035,0.5037279282537852
197204,-0.5819319374388316,0.41288134261328147
197205,-1.4068949767460701,-0.08014592262596387
197206,-0.9102675722639665,0.11878800606810425
197207,-1.9163678494741494,-0.3959713109314936
197208,-1.350910593164794,0.20752735093203434
197209,-1.8793001307046855,-0.2442685396317491
197210,-1.9318443688097116,-0.47535510353656074
197211,-1.7738185539669802,-0.3287819096931299
197212,-1.704065245569199,-0.497810745562664
197301,-2.1825394230745463,-0.5610758531554109
197302,-2.250242160708837,-0.8409866429988057
197303,-2.571267501242183,-1.0948679969409012
197304,-2.2873834160692517,-0.8032839978050051
197305,-2.8107645212992654,-1.1813050506797826
197306,-3.133222008105708,-1.2068949709937726
197307,-2.9677646708891987,-1.0820285423440295
197308,-2.7722059490566777,-0.8768315486238957
197309,-2.4747064000324404,-0.43630161044024895
197310,-2.9127611445370363,-1.0591315529644425
197311,-3.126817064602404,-0.8237444582013073
197402,-2.396548408500109,-0.6981906958710643
197403,-2.659623322070825,-1.1293259758246443
197406,-2.5423977557375874,-0.6705552469249428
197501,-2.4411427768187455,-0.4902543078768432
197502,-2.64661785407514,-0.27395348932207253
197506,-2.663685246588658,-0.2978539080179532
197507,-2.3323069746707885,-0.07246561947388452
197508,-2.6792168809520978,-0.3948634888891841
197509,-2.6731562234246184,-0.4286835176834981
197510,-2.50101904258624,-0.37090048253001295
197511,-2.7203355300795145,-0.38656644277977137
197512,-2.866333037823745,-0.5857583326186532
197601,-2.351616923277373,-0.28565227732403076
197602,-1.9566586805191122,0.182497249617809
197603,-2.2760090180584207,-0.11642407004649635
197605,-2.694899549310976,-0.46663103743204626
197606,-2.568833102077793,-0.3576303638333477
197607,-2.4532934867363374,-0.19323261875428244
197608,-2.7919502847532405,-0.46599182953386264
197609,-2.734054333465825,-0.4407454636822167
197610,-2.894773574518019,-0.6129697806889375
197611,-2.8888258449534887,-0.5187572182737584
197612,-2.5963447286327064,-0.3927624090921146
197701,-2.424023219095039,-0.42836095236181115
197702,-1.9060981113234303,0.33321045256739934
197703,-1.7567397018549362,0.3395895503934145
197704,-0.6458890609687005,1.8107003984527563
197705,-2.3664103431479546,-0.3620642662303907
197706,-2.2140508685541582,-0.3537790123470447
197707,-1.9975627459216958,-0.015884852659251214
197708,-1.875178178205876,0.13918407490480755
197709,-1.9944887241397533,-0.10364731135415195
197710,-1.825719743297288,-0.02791244586318864
197711,-1.7724139043010043,-0.021824829619305652
197712,-1.7090819138470403,-0.11599938101797391
197801,-1.0964185079255342,0.8203534032350479
197802,-1.9931773565778934,-0.5370190038879327
197803,-1.8974977118105951,-0.5837514960698645
197804,-0.6290596201354676,1.3141750768447074
197805,-0.4518166795494763,1.8945936416252875
197806,-0.5475552836539034,1.66621781826827
197807,-1.4151748534767845,0.6478861350086412
197808,-1.3946259670649337,0.5914994858584819
197809,-1.1444360244982836,0.9528613190234851
197810,-1.9141314070061377,0.045598657614472904
197811,-1.9364906003835471,0.025156797126026142
197812,-1.9278373818761707,-0.011945477568599316
197901,-1.710100618489965,0.23950150196973913
197902,-1.859609113210749,0.12598708710908924
197903,-1.5424035634590645,0.4388153403757661
197904,-1.170719651379265,0.8074443508233284
197905,-0.5106201444648157,1.8204072329239809
197906,-0.7206079947280598,1.5698867307270108
197907,-1.1364870080294243,0.8013309239904925
197908,-1.4049936030961878,0.26813311915108123
197909,-1.0003034242088455,0.8230375211648882
197910,-1.3246930252775087,0.41861299654275963
197911,-0.8967658357569701,0.9683652441245569
197912,-0.46189790145906245,1.0085420761588764
198001,0.3347386862424364,2.176490593613244
198002,0.9596327853691358,3.2378495426252227
198003,-0.5507204531621508,0.9250442844556085
198004,-0.474444592464496,1.1600595516976582
198005,-0.4696395404974687,0.7385321539299105
198006,-0.3937962562916007,0.6470555970907892
198007,-0.08179027801644029,0.7582509125049632
198008,0.5340866542880996,1.7662390937509458
198009,0.3163967679477105,1.4654823709749238
198010,1.2157545654205346,2.4126274269400447
198011,0.6826943442874391,1.7730009981849641
198012,1.5232261216970189,2.164498433321274
198101,0.4376656528457443,1.2199119516377777
198102,0.8794547405797515,1.7323269655792441
198103,1.1880945474776803,1.5104063047463274
198104,1.2633003407684549,1.2346642502569796
198105,1.166790812855024,1.2153101510016728
198106,1.4920926809595456,1.0279902885915329
198107,0.7767346186819644,0.9175072726242142
198108,0.41852594119075864,0.4777972126903837
198109,0.09414853185477351,0.20825635735012438
198110,0.34804302994003716,0.4704354222007048
198111,0.21014043180608055,0.39528373096666336
198112,0.36613154668527653,0.3737653386181453
198201,-0.022474569906519398,0.3172214975994405
198202,0.0621588322097412,0.09539350753116771
198203,0.07654892808078312,0.011818686448799798
198204,0.48990523284783577,0.5854322797474375
198205,0.14841665466642737,0.10684642699658642
198206,0.6627257782788452,0.6850026078771481
198207,-0.013420973527036336,-0.04968721670437226
198208,-0.12515197313308615,-0.02273074459955382
198209,0.04005298810927896,0.1951734503135676
198210,0.6578071367443503,0.7066148992630717
198211,1.7499108796270364,1.6188401497182037
198212,1.9048713594535132,1.0542330874776324
198301,1.4883119511043343,1.0960948374120625
198302,1.642962220850942,0.9997073137135954
198303,2.01811940258379,1.4160851002284405
198304,1.404712285457673,1.1626577461659178
198305,2.255682502167674,1.7187435755516551
198306,2.8293619652473123,1.965967185316729
198307,2.810311821287954,1.4679031475119078
198308,2.5086813437783833,1.1004000861468188
198309,2.0969323060995304,0.8771999052252591
198310,2.2450114169886644,0.5490815676226358
198311,2.181436697282959,0.5599380021841391
198312,2.6802378460803213,0.6509207199753565
198401,2.0760718089594117,0.4663775245922993
198402,2.0801151523052366,0.4200199234361692
198403,1.7898259699793326,0.44573561097507336
198404,1.3114242265176506,0.4519054838447003
198405,1.578034650032606,0.39965392226833263
198406,1.422681399970519,0.45803577166164894
198407,1.3030380511769566,0.5692461482648421
198408,1.3130551537555073,0.6072626266402699
198409,0.9010165483579767,0.4785718807326843
198410,1.0836546656333015,0.7838966811716205
198411,1.0741626264226478,0.6822357072239327
198412,0.9072083348431429,0.6644751251009355
198501,0.9974545296676144,0.7295172714254553
198502,0.8777183548499878,0.8832143005174464
198503,1.2961045211475137,1.2134784070457916
198504,0.8297158039597625,0.6339134098412764
198505,1.0520150920681628,1.0054241497815657
198506,0.8479564486665007,0.7941984488066186
198507,1.041637039604255,0.8559602558698344
198508,0.9769033885414512,0.5665700932069963
198509,1.0490372783707154,0.7518827987993054
198510,1.1676411691677733,0.6578854846223383
198511,0.8971159168091455,0.6608872255011357
198512,0.7708938567496534,0.5412784857247092
198601,0.8184937266408608,0.514610247474425
198602,1.0559958474561701,0.8697114348263575
198603,1.5535288880854807,1.3330246260820733
198604,0.9511704291186307,0.986181145678766
198605,1.7595348752747302,1.2529401196651655
198606,2.2527729438084556,1.4763830297215494
198607,1.6997924783950018,1.1078578722708965
198608,1.6670806232052142,1.0214546078134157
198609,1.3636184681448988,0.9936084286749352
198610,1.6822838960551885,0.8155462426598914
198611,1.8975178180935095,0.8754744692444036
198612,2.169851043248261,0.9443585655429942
198701,0.8640610466127827,0.7683684609389032
198702,1.2068268573985361,0.9483125775457972
198703,1.5129095512750397,1.1443601509296275
198704,0.9048687321754325,0.8350311378154295
198705,0.6706201177750318,0.7604946956021101
198706,1.2753268579587385,0.9965299676959994
198707,1.28817142092125,1.097336584905666
198708,0.6933895249555674,0.8756425859521131
198709,0.7080449318525157,0.8405240757534277
198710,-0.21996500315976086,0.45448192346401917
198711,-0.25787342213109626,0.4640302987493115
198712,-0.8600948777676791,0.29919642787020684
198801,-0.9228911064374752,0.3094933234994389
198802,-0.6634153087855366,0.6089643721777868
198803,-0.656146220267813,0.44463246997292494
198804,-0.5604191443217825,0.6556249621554495
198805,-0.527923800655818,0.586540629997035
198806,-0.24157373722463457,0.8020587846904612
198807,-0.5060489992454883,0.5370837997817575
198808,-0.616858312676394,0.5100570460866274
198809,-0.8867715150223371,0.4415068679735473
198810,-0.5555543902394963,0.6645863042974248
198811,-0.9729653686077049,0.3755251861024247
198812,-0.7608374513780596,0.48519848390316156
198901,-0.9212157623987826,0.35643560058673873
198902,-0.6066985314609724,0.7135640953603147
198903,-0.507413363750041,1.0228591683361303
198904,-0.42920673381999336,0.8071875926280841
198905,-0.13411618022126057,0.9649528213585518
198906,-0.359630162725344,0.6326886231761433
198907,-0.5161676048511183,0.528269478127245
198908,-0.07679582007202486,1.232286668121486
198909,-0.28400096370695815,0.8158815020550754
198910,-0.26338192415935946,0.7773637312973534
198911,-0.057622659132333165,0.7213199029833479
198912,-0.24352312994538405,0.4452250237544725
199001,-0.3095397747426603,0.6948382992336574
199002,-0.24825844663007873,0.7272619932850226
199003,-0.025896626615044743,0.8388897745367255
199004,-0.11615373335891824,0.5407641404882766
199005,0.02013394755082151,1.0100627678051277
199006,0.058923879119024886,0.9121702965937992
199007,-0.31512482130975356,0.5364783699911561
199008,-0.629159551370288,0.3340521752033374
199009,-0.6255627395867464,0.7514554526642486
199010,-1.0993510294372149,0.05506767224764497
199011,-1.0015415382975426,0.1854442894998285
199012,-0.6942311624490369,0.39240812465600394
199101,-0.1115678784957192,1.2998039514626472
199102,-0.1915938041184865,0.9466777454674504
199103,-0.04895286665594821,0.9690801668515677
199104,-0.05621263522581789,0.7037760300376161
199105,0.048949135027829854,0.7703303069142778
199106,0.3252095495046573,0.7134791029172565
199107,0.10092473099031203,0.7008908184518969
199108,0.17044627513721022,0.841241984767032
199109,0.10816287904677255,0.740146041607443
199110,0.6752596192215897,0.8597435174595958
199111,0.9389307093186994,0.8977146770642072
199112,0.843911910455643,0.8340873261412293
199201,1.099633848394052,1.0776740609207756
199202,1.350628828363528,1.111726997015457
199203,1.6563166061261587,1.0268862971936077
199204,0.39427837355876094,0.36037568375487133
199205,0.4367223187803054,0.38967169284116293
199206,0.38575278787255474,0.26722017563265527
199207,0.15572544335695543,0.2569534777395821
199208,0.21808841756804126,0.27854793832453956
199209,0.10627202831497903,0.3495175842844874
199210,0.7862329372542246,0.6870501553979853
199211,0.5867496658252271,0.7095916862278256
199212,1.1778949719810523,0.9191113939804791
199301,0.521035773658785,0.6061564082102457
199302,0.8368585996860921,0.791593097528241
199303,1.436846337495087,1.008099310456428
199304,0.4332366174952997,0.5912413682312456
199305,0.8853691651372307,0.921161026916534
199306,1.1573620208423956,1.0685789982667693
199307,1.0987566113043798,0.8998244999738687
199308,1.0160985369215503,0.9197973802732318
199309,1.075924538516609,1.069589787275423
199310,1.3565181587830544,1.1219560393077594
199311,1.6193179170890262,1.0647791714097514
199312,1.5870275703709984,1.1035846028565075
199401,0.49749500017512743,0.7205010889104019
199402,1.4118877185913297,1.1383299975927748
199403,1.122982083749713,1.0419357781765162
199404,0.6561184545347931,0.891195187249098
199405,0.9329061323492517,0.7972643525416695
199406,0.529334996220149,0.6235499052710082
199407,0.17771190280312024,0.6351720192149604
199408,0.32387363925706514,0.7258450405479182
199409,0.3085347310274456,0.9765574399793062
199410,0.33096254610666304,0.999063891765814
199411,0.45724848575236354,0.9950897434835532
199412,-0.04726659268027107,0.7200371734352207
199501,-0.3683195751304672,0.634913355143427
199502,0.22451408425708355,0.9559117401290653
199503,0.06145636189458203,1.0340779994416935
199504,-0.23715231775412512,0.8499811217514951
199505,-0.1140177028333361,0.9867962209477075
199506,0.4675384966128973,1.1253801523549116
199507,0.4742225320445287,1.2357063996862938
199508,0.7131579224986336,1.3601517190163035
199509,0.18851521963890874,1.0104023229298893
199510,0.6034375249896331,1.0257580054824809
199511,1.3369019003802414,1.5258743014025549
199512,1.0365117481822204,1.277608929172741
199601,0.06408787869965397,0.8790081087096506
199602,0.8883217476419106,1.1883958092006621
199603,1.0023032426355916,1.2268904910245857
199604,1.3540761292129926,1.5905388570031052
199605,1.8983037989995917,1.75437756115527
199606,1.428125943563535,1.2851979228960966
199607,0.6322561508813407,0.932079575047282
199608,0.6385732175962858,0.8774802154324974
199609,0.9171206751388038,1.1910273993476603
199610,1.6588559207262574,1.2582942640314532
199611,1.0326228692771873,1.0464642925519576
199612,0.6931426305926713,0.8267514096071729
199701,0.1668634495225398,0.6333606975698308
199702,0.5683352371412282,0.7450822942431257
199703,0.03976619490252251,0.5143162293385014
199704,-0.43461778491883385,0.262989655711728
199705,0.022554677059590987,0.7699597718754546
199706,0.44978714223195565,0.8283885549194325
199707,0.3370288874489208,0.8786798862985303
199708,0.4636606841648341,0.8582547287281614
199709,0.9557863535311379,1.12769991964322
199710,1.0488754011055865,1.1347731303192536
199711,1.113729748026807,0.8503996856764875
199712,0.12792066610537461,0.4526980496379205
199801,-0.24861977131339844,0.40558098511161833
199802,0.5242454039891272,0.8202479152570913
199803,0.32822297191634103,0.8059849479969731
199804,0.2119938533173176,0.9061623850598391
199805,0.08091047454275156,0.6120615871012738
199806,0.36087380026969834,0.6940000750666487
199807,0.25872721310400004,0.716672980562403
199808,-0.762984437479119,0.2885629483062022
199809,0.13577846299282223,1.92680000261596
199810,-1.070637481947826,0.2677382872438566
199811,0.015511435523190027,1.4304944238633661
199812,0.205854789435278,1.610402784220504
199901,1.0999246219264773,2.7878320453348655
199902,0.8707220855136286,1.9014378992868806
199903,1.1907512398977458,2.620870555276336
199904,0.43758341208730783,1.9769964919031904
199905,0.6557685248919091,1.6518666691327586
199906,0.6774129723734911,1.3009042601429273
199907,1.0976117972581014,1.982380318764279
199908,0.2699472032091521,1.3062658324060317
199909,1.2211809756832763,2.336070657756549
199910,1.396902152256049,2.3632712847053536
199911,2.2557495264071683,3.266471079621785
199912,2.733067410464256,3.679035283233313
200001,1.9449665238196003,2.813740525255938
200002,4.093068269541974,4.311840799600173
200003,3.5353473861174414,3.4416984889926483
200004,1.5812676323618957,1.8797098071905705
200005,0.911878738034045,1.2482336999523413
200006,2.397998445558459,2.167561335040908
200007,2.9382517102275627,2.634619279329012
200008,2.981073084151561,2.021920823909213
200009,2.0359748639806052,1.9419591525026325
200010,1.4169340319807882,1.2554633502125392
200011,0.7249545202424311,0.7721534569590472
200012,0.29880122942227055,1.0017056415277563
200101,0.5829587862777023,0.8200091972614769
200102,-0.12996588382834653,0.2437589578980366
200103,-0.5607224932834335,0.13377158143140422
200104,-0.39593682364650035,0.30637378837713125
200105,0.11674707502412866,0.6991522873470639
200106,0.09399411745103696,0.4317369538094469
200107,-0.22343920114918145,0.3727705266918582
200108,-0.5917344884083605,0.07978010760938192
200110,-0.5092529950752764,0.2301087082443506
200111,-0.28138687336715357,0.43668575587944847
200112,-0.263755007042698,0.5253996217860467
200201,-0.5491936155783086,0.14119938122910747
200202,-0.6107286955029104,0.30744463781679365
200203,-0.5010581529340008,0.085009760976136
200204,-0.970980330755651,-0.12649605054412882
200205,-0.9815143735793673,-0.07616073061035433
200206,-1.0701262384416441,-0.1766005583944693
200207,-1.5233314839558196,-0.3323724554501445
200210,-1.4044990218311115,-0.23681745905285112
200211,-1.0488985992752826,-0.009263935785096322
200212,-1.3255588633362387,0.12171652780309505
200302,-1.375623555655006,-0.21791869681180043
200303,-1.3847771199193797,-0.2118119535312385
200305,-0.5876854604540875,0.35831738151210357
200306,-0.2808583818272555,0.5841214606428426
200307,-0.15578197867802632,0.6663851588742387
200308,-0.37719247082512686,0.5738741663008737
200309,-0.26098143886907427,0.3862637234413874
200310,-0.34236778798444173,0.3640498529910209
200311,-0.30212893470253155,0.3352898248564766
200312,-0.2779113256730362,0.41783185077803586
200401,-0.1731175863935679,0.6866311113160782
200402,0.017089261421070024,0.4097712128220604
200403,-0.3058239106175731,0.17890138159426294
200404,0.2555421004392045,0.7295995001116773
200405,-0.07164527685942838,0.4335114462869434
200406,0.1975278730359522,0.5548759222479015
200407,-0.031209941208271908,0.3180929460665195
200408,-0.30032355550793527,0.07786214147284909
200409,-0.05862284523842103,0.44430720692575854
200410,0.4217540875821009,0.6244230464710009
200411,0.29767695993936905,0.6874691017133997
200412,0.70019176214303,0.7753017086368101
200501,0.11269277417762216,0.4828939081272343
200502,0.2257543651901642,0.43430390979280264
200503,0.0027253999398012384,0.5851079907269932
200504,-0.3692227471660526,0.3429611779787066
200505,-0.09654252890007341,0.4771464022824471
200506,0.22290469808812963,0.61309694910811
200507,0.32043609093959957,0.8220606310542176
200508,0.5620349301224566,0.759052938841333
200509,0.1320070822317059,0.4788667261751475
200510,0.19774498667418763,0.6905164185387728
200511,0.38725841306283904,0.9499353160644021
200512,0.1394323963864614,0.6059494753814743
200601,0.4034581362595363,0.9436358403767291
200602,0.37244445333875575,0.7572735565701458
200603,0.18133841137164172,0.8072535334182306
200604,0.1147727991928971,0.6631861590501906
200605,0.06350096267779444,0.6008119162395456
200606,0.20749701374491306,0.6468352280494738
200607,-0.2817987763372647,0.29130720947093197
200608,-0.00989975380852747,0.5261127874844558
200609,0.3280208234259438,0.7203127315444472
200610,0.5900644682827562,0.8546400898384658
200611,0.7707122329389278,0.7794345846432035
200612,0.9016484736848017,1.0035482883002182
200701,0.2891981459194787,0.649162702405635
200702,0.9444952746604557,0.8247647234919644
200703,0.8262675231508694,0.645506476019337
200704,0.40829467120015495,0.3671962578566836
200705,0.4514304406389684,0.4617169044093187
200706,0.5674638421559342,0.6925672892297439
200707,0.4527540974743846,0.549694029234241
200708,0.2970348239739657,0.6673392074678355
200709,0.6486614992190424,1.604711234029791
200710,0.5339630949574217,1.0968646607617885
200711,0.48952198894722065,0.8271833086508676
200712,0.13807425316035352,0.8302970631205782
200801,-0.028314439718286913,0.6989157386831306
200802,-0.5651068850753259,-0.005978522306875789
200803,-0.4087210604010686,0.4479700349468342
200804,-0.4818739958000339,0.468880455859518
200805,-0.8614029824763931,-0.17531799348713684
200806,-1.0938904873898518,-0.3695742232019389
200807,-0.7643424836686068,0.029620437806725963
200808,-1.2599504913058872,-0.7012293827275923
200811,-2.2334861889903324,-0.3697757060074053
200902,-1.5806853325547534,0.08494239978487739
200904,-1.038540752014635,0.4739693235600181
200905,-1.0430128487808703,0.5080167037292986
200906,-0.9026362246447626,0.4633824997949171
200908,-1.011881528302648,0.013976640416590302
200909,-0.6223558880452608,0.2692856509851845
200910,-1.0580442625621949,-0.04023340533035291
200911,-0.9165832632317658,0.26024090059764327
200912,-0.9638047520603042,-0.08379035109642508
201001,-0.8939853485782437,-0.2403984062709461
201002,-0.9574576105437488,-0.1434748424848279
201003,-0.4752101713826393,0.16178218094578767
201004,-0.4272907120664065,-0.040308998930970286
201005,-0.4180530233293108,0.1963673573256698
201006,-0.39105590385710703,0.15054617829210837
201007,-0.38866623387511784,0.2619414524625462
201008,-0.325217513918718,0.3080134380196391
201009,-0.2659798037043919,0.3209042289238343
201010,0.09641072063260038,0.46013541098984456
201011,0.00651471724043621,0.4763660728973264
201012,-0.17860773761975124,0.5064448582110856
201101,-0.2539466949971381,0.5240227882853474
201102,-0.19166782637641933,0.3958236777805587
201103,-0.32082539006881183,0.3972989368535248
201104,-0.11531364363293164,0.6126439459226941
201105,0.15717438916433485,0.5697102155462674
201106,-0.13631228277912438,0.362825559033754
201107,0.2685746114365901,0.863985882284921
201108,-0.18094116714057715,0.7751233661254879
201110,-0.4159059040860505,0.5526953485263438
201111,-1.0602893838399703,0.44367885420030595
201112,-1.5378112558903307,0.21452645222367994
201201,-1.2086624090521372,0.3709318421106199
201202,-0.17806429224975087,0.7999910626448271
201203,0.10841921803248859,1.0015126396723275
201204,-0.5314370949354833,0.7236935165912877
201205,-0.7056879627911211,0.5644203364446797
201206,-1.3330660423572687,0.4891589991709011
201207,-0.8882717715751931,0.6372146672948273
201208,-0.656096656470979,0.5967318110282795
201209,-0.2708412001381523,0.92656346242124
201210,-0.48046256577128094,0.6655447312232542
201211,-1.240845942480439,0.2923759315579082
201212,-0.936811636044554,0.8007339251865321
201301,-1.5854136229747817,0.5136640762890156
201302,-1.2626766458336052,0.82085891943999
201303,-1.2938300445945412,0.4583777971004725
201304,-1.4656954761792529,0.4133191232699853
201305,-0.6276688589083882,0.6692289797281044
201306,-0.43166316531169113,0.6582956568805097
201307,-0.4765096960382005,0.7192378607487383
201308,-0.4187726452539331,0.7053672691380541
201309,0.09720058989164962,1.0633769720267099
201310,-0.1257529805386348,0.9270001278655237
201311,-0.419283286710126,0.8690851921801183
201312,-0.4289058162984656,0.7977869070660466
201401,0.1899365917986141,1.0324690797385174
201402,0.2752201553721556,0.670469278584431
201403,0.3759731323650121,1.1582249944140237
201404,-0.6442067414350572,0.5455450313410126
201405,-0.7297516030840574,0.5331796036384407
201406,-0.2640533192954381,0.7192323591541239
201407,-0.12187399738107353,0.684053369688228
201408,-0.7275896244074549,0.5229120367794406
201409,-0.6599923827357815,0.7934462349549056
201410,-0.6586317876161059,0.5865080236852229
201411,-0.8066502193223595,0.7371583972261855
201412,-0.8020562267302557,0.826350995132265
201501,-0.5060433838201511,1.0063612497187844
201502,-0.906783919120567,0.11870985636195175
201503,-0.38447999239104347,0.3914421214679543
201504,-0.2128521427344249,0.9936225613403764
201505,-0.2616574754182413,0.510957002837471
201506,0.5776623500851356,1.1654372835070206
201507,-0.0021136240258894817,1.0316035598380728
201508,-0.43454518476781373,0.81777723208302
201509,-0.5958893490952971,1.2086333899788853
201510,-0.8283851767077978,0.5173697439304697
201511,-0.6351599455455963,0.738890452167423
201512,-0.5087627718138783,1.0712995950024076
201602,-1.912545312366322,0.17058117892788138
201603,-1.7501057578041055,0.19514384793022033
201604,-1.7816930861942786,0.330032395690397
201605,-1.2490122391952352,0.5086497731944253
201606,-1.3077120122875183,0.9696840939242669
201607,-1.0875332741295705,0.5281753874242691
201608,-1.2675088380790538,0.31940040420176574
201609,-0.4150925141509605,1.4867820456065082
201610,-0.9476779083723542,0.6581666743341699
201611,-1.4674968479123027,0.2434508044223458
201612,-1.285410704843783,0.503107702925542
201701,-0.9771499215037143,0.4569541691776995
201702,-0.8895981745039626,0.3533960976710926
201703,-0.3472926073804613,0.7473924216614269
201704,-1.2764665644763507,0.4447946184168503
201705,-1.279738763096235,0.23993591855417784
201706,-1.0454750496334106,0.45275589272251693
201707,-0.9686588788163698,0.8713456937963765
201708,-1.7044208558882437,0.037514540138201324
201709,-0.7583512261304308,0.8387497528575422
201710,-0.32245051266407193,1.1772396809963246
201711,-0.8404475198490905,0.5837433035821226
201712,-1.1669642701822838,0.353669504559767
201801,-0.13737836150295704,0.9906729566513132
201802,-0.33289709100581766,0.2691224622414349
201803,0.16211778535794283,0.8813324078446703
201804,0.1395008193186566,0.9748774627763727
201805,0.07158211059781912,0.6381183622227895
201806,0.7601979705648433,1.0629270381048574
201807,0.3255742244474165,0.926865295954244
201808,0.20709492576005029,0.6674853066228711
201809,0.4497742117544269,1.0699325437984375
201810,-0.6422304987984505,0.9399598247036245
201811,-1.1409697349810943,0.3188759325427786
201812,-1.4149342714948911,0.24262264441745873
201901,-0.7924534657799208,0.22476582737729656
201902,-0.35894510322820905,0.5185606280543894
201903,0.028985821878156955,1.1135987726755419
201904,0.04330787438993377,1.1274449114651923
201905,0.2328189132897017,1.0249799115084652
201906,0.2886772350845567,1.384743732223533
201907,0.2967656441364785,1.0119776105350347
201908,-0.43513611870168106,0.6178915549730433
201909,-0.37227180057761766,0.8001049145428706
201910,-0.2902636982884375,0.577809249052673
201911,0.02767647730633734,0.768000066259191
201912,0.4301282451643546,1.6148811873685616
202001,0.8596980841378057,1.439695968211206
202002,0.6220618383751132,1.0914336477620323
202003,-0.6685819997597896,0.19818841549566457
202004,-0.7766333951106743,1.194183574754418
202005,-0.1830618379111078,1.27698993624095
202006,0.5895379400545866,1.462660933722602
202007,1.2502708814949268,1.8022439533511632
202008,1.8335378793291859,2.2401629217548065
202009,1.694462654774039,1.6879046988168915
202010,2.3603007309280946,1.5656123123832466
202011,2.114334248396201,1.7110543740844282
202012,3.9585898188784276,3.103761771431136
202101,4.707630322764616,2.336736515833614
202102,5.166789981384138,2.275519537312781
202103,5.185478930313783,2.034581998899987
202104,1.740687007915384,1.3776075981661404
202105,1.2942920265510927,1.2404250992434283
202106,2.605202591538316,1.7024080374948687
202107,2.522952599589952,1.5409000638379242
202108,1.7712884372710487,1.0796255911393569
202109,2.6578518133173934,1.397545206702043
202110,3.376346478549538,1.2541188050062622
202111,4.195386667961609,2.527981827815237
202112,2.345526662084024,0.9726093181058715
202201,1.740977570553429,0.3824146880299064
202202,3.0817310151310044,2.488266707587482
202203,1.5883635205423454,0.28642461588463153
202204,1.8111635035212088,3.4711441308971325
202205,-1.1360948244026372,0.03650757870952337
202206,-0.7118383986938597,1.3374563563510042
