{"content":"<li class=\"n-box-item date-title\" data-end=\"1420433999\" data-start=\"1420347600\" data-txt=\"Saturday, December 21, 2019\">Sunday, January  4, 2015</li><li class=\"n-box-item sa-box-item\" data-id=\"2203775\" data-ts=\"1420411043\"><div class=\"media media-overflow-fix\"><div class=\"media-left\"><a class=\"box-ticker\" href=\"/symbol/\" target=\"_blank\"></a></div><div class=\"media-body\"><h4 class=\"media-heading\"><a href=\"/news/2203775-euro-dips-to-8-year-low\" sasource=\"on_the_move_news_fidelity\" target=\"_blank\">Euro dips to 8-year low</a></h4><ul>\n<li>Euro drops as low as $1.1864 vs. dollar, lowest since 2006, in early overnight trading.</li>\n<li>Currently trading at $1.1941, -0.6% vs. Jan. 2 close.</li>\n<li>ETFs: <a href=\"https://seekingalpha.com/symbol/fxe\" title=\"CurrencyShares Euro Trust ETF\">FXE</a>, <a href=\"https://seekingalpha.com/symbol/euo\" title=\"ProShares UltraShort Euro ETF\">EUO</a>, <a href=\"https://seekingalpha.com/symbol/ero\" title=\"iPath EUR/USD Exchange Rate ETN\">ERO</a>, <a href=\"https://seekingalpha.com/symbol/drr\" title=\"Market Vectors Double Short Euro ETN\">DRR</a>, <a href=\"https://seekingalpha.com/symbol/eufx\" title=\"ProShares Short Euro ETF\">EUFX</a>, <a href=\"https://seekingalpha.com/symbol/ule\" title=\"ProShares Ultra Euro ETF\">ULE</a>, <a href=\"https://seekingalpha.com/symbol/urr\" title=\"Market Vectors Double Long Euro ETN\">URR</a>\n</li>\n</ul><div class=\"tiny-share-widget\" data-id=\"2203775\" data-linked=\"Euro dips to 8-year low\" data-tweet=\"$FXE $EUO $ERO - Euro dips to 8-year low https://seekingalpha.com/news/2203775-euro-dips-to-8-year-low?source=tweet\" data-url=\"https://seekingalpha.com/news/2203775-euro-dips-to-8-year-low\"><div class=\"icon share-btn c-email\" title=\"Email a friend\">&nbsp;</div><div class=\"icon share-btn c-twitter\" title=\"Share on Twitter\">&nbsp;</div><div class=\"icon share-btn c-facebook\" title=\"Share on Facebook\">&nbsp;</div><div class=\"icon share-btn c-linkedin\" title=\"Share on Linkedin\">&nbsp;</div></div><span class=\"mc_gray_separator\">|</span>  5:37 PM <span class='mc_gray_separator'>|</span> <span class='comments-n'><span class='comments-container '>7&nbsp;<span class='comments-number'>Comments</span></span></span></div></div></li>","count":1,"message":null,"success":true,"today":{"start":1576904400,"end":1576990799,"str":"Saturday, December 21, 2019"},"yesterday":{"start":1576818000,"end":1576904399}}