{"content":"<li class=\"n-box-item date-title\" data-end=\"1423371599\" data-start=\"1423285200\" data-txt=\"Sunday, December 22, 2019\">Saturday, February  7, 2015</li><li class=\"n-box-item sa-box-item\" data-id=\"2281766\" data-ts=\"1423313136\"><div class=\"media media-overflow-fix\"><div class=\"media-left\"><a class=\"box-ticker\" href=\"/symbol/INTU\" target=\"_blank\">INTU</a></div><div class=\"media-body\"><h4 class=\"media-heading\"><a href=\"/news/2281766-turbotax-resumes-e-filing-of-state-tax-returns\" sasource=\"on_the_move_news_fidelity\" target=\"_blank\">TurboTax resumes e-filing of state tax returns</a></h4><ul>\n<li>Intuit (NASDAQ:<a href=\"https://seekingalpha.com/symbol/INTU\" title=\"Intuit Inc.\">INTU</a>) yesterday halted electronic filing of all state tax returns after more than a dozen states spotted criminal attempts to get refunds through its systems. Last evening, the company said it resumed the e-filings after taking steps to combat the type of fraudulent activity it's seeing.</li>\n<li>Intuit does not believe the fraud is the result of a security breach of its systems.</li>\n<li>The stock<font color=\"red\"> fell 4.2%</font> in the regular session on Friday, and <font color=\"green\">climbed 0.8% </font>after hours.</li>\n</ul><div class=\"tiny-share-widget\" data-id=\"2281766\" data-linked=\"TurboTax resumes e-filing of state tax returns\" data-tweet=\"$INTU - TurboTax resumes e-filing of state tax returns https://seekingalpha.com/news/2281766-turbotax-resumes-e-filing-of-state-tax-returns?source=tweet\" data-url=\"https://seekingalpha.com/news/2281766-turbotax-resumes-e-filing-of-state-tax-returns\"><div class=\"icon share-btn c-email\" title=\"Email a friend\">&nbsp;</div><div class=\"icon share-btn c-twitter\" title=\"Share on Twitter\">&nbsp;</div><div class=\"icon share-btn c-facebook\" title=\"Share on Facebook\">&nbsp;</div><div class=\"icon share-btn c-linkedin\" title=\"Share on Linkedin\">&nbsp;</div></div><span class=\"mc_gray_separator\">|</span>  7:45 AM <span class='mc_gray_separator'>|</span> <span class='comments-n'><span class='comments-container '>26&nbsp;<span class='comments-number'>Comments</span></span></span></div></div></li>","count":1,"message":null,"success":true,"today":{"start":1576990800,"end":1577077199,"str":"Sunday, December 22, 2019"},"yesterday":{"start":1576904400,"end":1576990799}}