{"content":"<li class=\"n-box-item date-title\" data-end=\"1425790799\" data-start=\"1425704400\" data-txt=\"Sunday, December 22, 2019\">Saturday, March  7, 2015</li><li class=\"n-box-item sa-box-item\" data-id=\"2353276\" data-ts=\"1425763279\"><div class=\"media media-overflow-fix\"><div class=\"media-left\"><a class=\"box-ticker\" href=\"/symbol/MTL\" target=\"_blank\">MTL</a></div><div class=\"media-body\"><h4 class=\"media-heading\"><a href=\"/news/2353276-mechel-tumbles-16_6-percent-after-vtb-issues-ultimatum\" sasource=\"on_the_move_news_fidelity\" target=\"_blank\">Mechel tumbles 16.6% after VTB issues ultimatum</a></h4><ul>\n<li>Bank VTB confirms <a href=\"http://www.interfax.com/newsinf.asp?id=577162\" target=\"_blank\">it will go to court</a> in a month to seek Mechel's (NYSE:<a href=\"https://seekingalpha.com/symbol/MTL\" title=\"Mechel OAO\">MTL</a>) bankruptcy. But says that before doing so, it sees opportunities for a constructive dialogue to settle the coal producer's debt.</li>\n<li>For its part, MTB says it is sure the situation can be solved through talks, adding that it received a proposal from VTB to cut its interest rate under one of four credit lines to 18.5% from current 35%. MTB also says it and VTB were discussing a new debt repayment schedule earlier this week, and that it was surprised by VTB's threat to push it into bankruptcy.</li>\n<li>On Friday, ADRs of MTB fell <font color=\"red\">16.6%</font> on the NYSE, although the story was not broadly reported in English-language media.</li>\n</ul><div class=\"tiny-share-widget\" data-id=\"2353276\" data-linked=\"Mechel tumbles 16.6% after VTB issues ultimatum\" data-tweet=\"$MTL - Mechel tumbles 16.6% after VTB issues ultimatum https://seekingalpha.com/news/2353276-mechel-tumbles-16_6-percent-after-vtb-issues-ultimatum?source=tweet\" data-url=\"https://seekingalpha.com/news/2353276-mechel-tumbles-16_6-percent-after-vtb-issues-ultimatum\"><div class=\"icon share-btn c-email\" title=\"Email a friend\">&nbsp;</div><div class=\"icon share-btn c-twitter\" title=\"Share on Twitter\">&nbsp;</div><div class=\"icon share-btn c-facebook\" title=\"Share on Facebook\">&nbsp;</div><div class=\"icon share-btn c-linkedin\" title=\"Share on Linkedin\">&nbsp;</div></div><span class=\"mc_gray_separator\">|</span>  4:21 PM <span class='mc_gray_separator'>|</span> <span class='comments-n'><span class='comments-container '>3&nbsp;<span class='comments-number'>Comments</span></span></span></div></div></li>","count":1,"message":null,"success":true,"today":{"start":1576990800,"end":1577077199,"str":"Sunday, December 22, 2019"},"yesterday":{"start":1576904400,"end":1576990799}}