{"content":"<li class=\"n-box-item date-title\" data-end=\"1443412799\" data-start=\"1443326400\" data-txt=\"Sunday, December 22, 2019\">Sunday, September 27, 2015</li><li class=\"n-box-item sa-box-item\" data-id=\"2798626\" data-ts=\"1443358777\"><div class=\"media media-overflow-fix\"><div class=\"media-left\"><a class=\"box-ticker\" href=\"/symbol/GILD\" target=\"_blank\">GILD</a></div><div class=\"media-body\"><h4 class=\"media-heading\"><a href=\"/news/2798626-biotech-bomb-hits-small-cap-index\" sasource=\"on_the_move_news_fidelity\" target=\"_blank\">Biotech bomb hits small cap index</a></h4><ul>\n<li>The $8B iShares Nasdaq Biotechnology ETF (NASDAQ:<a href=\"https://seekingalpha.com/symbol/IBB\" title=\"iShares Nasdaq Biotechnology ETF\">IBB</a>)<font color=\"red\"> fell 4.9% </font>on Friday and <font color=\"red\">13% for the week</font> - its worst weekly performance since the height of the financial panic seven years ago. Many biotech ETFs eat the same cooking - Gilead (NASDAQ:<a href=\"https://seekingalpha.com/symbol/GILD\" title=\"Gilead Sciences, Inc.\">GILD</a>), Amgen (NASDAQ:<a href=\"https://seekingalpha.com/symbol/AMGN\" title=\"Amgen Inc.\">AMGN</a>), Biogen (NASDAQ:<a href=\"https://seekingalpha.com/symbol/BIIB\" title=\"Biogen Inc.\">BIIB</a>), and Regeneron (NASDAQ:<a href=\"https://seekingalpha.com/symbol/REGN\" title=\"Regeneron Pharmaceuticals, Inc.\">REGN</a>) among the popular names - and <a href=\"https://seekingalpha.com/symbol/FBT\" title=\"First Trust NYSE Arca Biotechnology Index ETF\">FBT</a>, <a href=\"https://seekingalpha.com/symbol/XBI\" title=\"SPDR Biotech ETF\">XBI</a>, and <a href=\"https://seekingalpha.com/symbol/BBP\" title=\"BioShares Biotechnology Products ETF\">BBP</a> fell in amounts similar to IBB.</li>\n<li>The news flow was relatively quiet late in the week, but Hilary Clinton's promise Monday to clamp down on drug prices set things in negative motion for the momo sector.</li>\n<li>\n<a href=\"http://blogs.barrons.com/focusonfunds/2015/09/25/biotech-bombs-suffers-worst-weekly-decline-since-08/?mod=BOL_hp_blog_fof\" target=\"_blank\"><em>Barron's</em> Chris Dieterich reminds</a> that a flood of biotech IPOs in recent years has filled the small cap universe with these highly speculative names, and biotech now makes up 7% of the iShares Russell 2000 Index (NYSEARCA:<a href=\"https://seekingalpha.com/symbol/IWM\" title=\"iShares Russell 2000 ETF\">IWM</a>). Indeed. The IWM <font color=\"red\">fell 3.7%</font> for the week, nearly tripling the decline of the S&amp;P 500.</li>\n<li>ETFs: <a href=\"https://seekingalpha.com/symbol/IWM\" title=\"iShares Russell 2000 ETF\">IWM</a>, <a href=\"https://seekingalpha.com/symbol/TZA\" title=\"Direxion Daily Small Cap Bear 3x Shares ETF\">TZA</a>, <a href=\"https://seekingalpha.com/symbol/TNA\" title=\"Direxion Daily Small Cap Bull 3x Shares ETF\">TNA</a>, <a href=\"https://seekingalpha.com/symbol/UWM\" title=\"ProShares Ultra Russell 2000 ETF\">UWM</a>, <a href=\"https://seekingalpha.com/symbol/VB\" title=\"Vanguard Small Cap ETF\">VB</a>, <a href=\"https://seekingalpha.com/symbol/VBK\" title=\"Vanguard Small Cap Growth ETF\">VBK</a>, <a href=\"https://seekingalpha.com/symbol/URTY\" title=\"ProShares UltraPro Russell 2000 ETF\">URTY</a>, <a href=\"https://seekingalpha.com/symbol/SCHA\" title=\"Schwab U.S. Small-Cap ETF\">SCHA</a>, <a href=\"https://seekingalpha.com/symbol/TWM\" title=\"ProShares UltraShort Russell 2000 ETF\">TWM</a>, <a href=\"https://seekingalpha.com/symbol/IWO\" title=\"iShares Russell 2000 Growth ETF\">IWO</a>, <a href=\"https://seekingalpha.com/symbol/RWM\" title=\"ProShares Short Russell2000 ETF\">RWM</a>, <a href=\"https://seekingalpha.com/symbol/SRTY\" title=\"ProShares UltraPro Short Russell 2000 ETF\">SRTY</a>, <a href=\"https://seekingalpha.com/symbol/VTWO\" title=\"Vanguard Russell 2000 ETF\">VTWO</a>, <a href=\"https://seekingalpha.com/symbol/RCG\" title=\"RENN Global Entrepreneurs Fund\">RCG</a>, <a href=\"https://seekingalpha.com/symbol/JKJ\" title=\"iShares Morningstar Small-Cap ETF\">JKJ</a>, <a href=\"https://seekingalpha.com/symbol/VTWG\" title=\"Vanguard Russell 2000 Growth ETF\">VTWG</a>, TWOK, <a href=\"https://seekingalpha.com/symbol/FYX\" title=\"First Trust Small Cap Core AlphaDEX ETF\">FYX</a>, <a href=\"https://seekingalpha.com/symbol/JKK\" title=\"iShares Morningstar Small-Cap Growth ETF\">JKK</a>, EWRS, <a href=\"https://seekingalpha.com/symbol/ZSML\" title=\"ETFS Zacks Earnings Small-Cap U.S. Index ETF\">ZSML</a>, <a href=\"https://seekingalpha.com/symbol/FYC\" title=\"First Trust Small Cap Growth AlphaDEX ETF\">FYC</a>, <a href=\"https://seekingalpha.com/symbol/SMLL\" title=\"Direxion Daily Small Cap Bull 2x Shares ETF\">SMLL</a>, <a href=\"https://seekingalpha.com/symbol/RYRSX\" title=\"Rydex Russell 2000 2x Strategy Fund\">RYRSX</a>\n</li>\n</ul><div class=\"tiny-share-widget\" data-id=\"2798626\" data-linked=\"Biotech bomb hits small cap index\" data-tweet=\"$GILD $IBB $GILD - Biotech bomb hits small cap index https://seekingalpha.com/news/2798626-biotech-bomb-hits-small-cap-index?source=tweet\" data-url=\"https://seekingalpha.com/news/2798626-biotech-bomb-hits-small-cap-index\"><div class=\"icon share-btn c-email\" title=\"Email a friend\">&nbsp;</div><div class=\"icon share-btn c-twitter\" title=\"Share on Twitter\">&nbsp;</div><div class=\"icon share-btn c-facebook\" title=\"Share on Facebook\">&nbsp;</div><div class=\"icon share-btn c-linkedin\" title=\"Share on Linkedin\">&nbsp;</div></div><span class=\"mc_gray_separator\">|</span>  8:59 AM <span class='mc_gray_separator'>|</span> <span class='comments-n'><span class='comments-container '>127&nbsp;<span class='comments-number'>Comments</span></span></span></div></div></li>","count":1,"message":null,"success":true,"today":{"start":1576990800,"end":1577077199,"str":"Sunday, December 22, 2019"},"yesterday":{"start":1576904400,"end":1576990799}}