{"content":"<li class=\"n-box-item date-title\" data-end=\"1421729999\" data-start=\"1421643600\" data-txt=\"Sunday, December 22, 2019\">Monday, January 19, 2015</li><li class=\"n-box-item sa-box-item\" data-id=\"2228686\" data-ts=\"1421720254\"><div class=\"media media-overflow-fix\"><div class=\"media-left\"><a class=\"box-ticker\" href=\"/symbol/\" target=\"_blank\"></a></div><div class=\"media-body\"><h4 class=\"media-heading\"><a href=\"/news/2228686-shanghai-bounces-after-yesterdays-plunge\" sasource=\"on_the_move_news_fidelity\" target=\"_blank\">Shanghai bounces after yesterday&#39;s plunge</a></h4><ul>\n<li>The Shanghai Composite is <font color=\"green\">ahead by 1.4%</font> in early Tuesday action after a <font color=\"red\">near-8% tumble</font> to open the week.</li>\n<li>Beijing reports <a href=\"http://www.marketwatch.com/story/chinas-fourth-quarter-growth-beats-forecasts-2015-01-19\" target=\"_blank\">Q4 GDP growth</a> of 7.3% Y/Y, edging out forecasts for 7.2%. For all 2014, GDP growth of 7.4% fell from 7.7% in 2013.</li>\n<li>The Hang Seng is <font color=\"green\">up 0.5%</font>.</li>\n<li>ETFs: <a href=\"https://seekingalpha.com/symbol/fxi\" title=\"iShares China Large-Cap ETF\">FXI</a>, <a href=\"https://seekingalpha.com/symbol/ewh\" title=\"iShares MSCI Hong Kong ETF\">EWH</a>, <a href=\"https://seekingalpha.com/symbol/pgj\" title=\"PowerShares Golden Dragon China Portfolio ETF\">PGJ</a>, <a href=\"https://seekingalpha.com/symbol/yinn\" title=\"Direxion Daily FTSE China Bull 3X Shares ETF\">YINN</a>, <a href=\"https://seekingalpha.com/symbol/gxc\" title=\"SPDR S&amp;P China ETF\">GXC</a>, <a href=\"https://seekingalpha.com/symbol/fxp\" title=\"ProShares UltraShort FTSE China 25 ETF\">FXP</a>, <a href=\"https://seekingalpha.com/symbol/ashr\" title=\"Deutsche X-trackers Harvest CSI 300 China A-Shares ETF\">ASHR</a>, <a href=\"https://seekingalpha.com/symbol/yang\" title=\"Direxion Daily FTSE China Bear 3x Shares ETF\">YANG</a>, <a href=\"https://seekingalpha.com/symbol/mchi\" title=\"iShares MSCI China ETF\">MCHI</a>, <a href=\"https://seekingalpha.com/symbol/pek\" title=\"Market Vectors ChinaAMC A-Share ETF\">PEK</a>, <a href=\"https://seekingalpha.com/symbol/xpp\" title=\"ProShares Ultra FTSE China 25 ETF\">XPP</a>, <a href=\"https://seekingalpha.com/symbol/yao\" title=\"Guggenheim China All-Cap ETF\">YAO</a>, <a href=\"https://seekingalpha.com/symbol/yxi\" title=\"ProShares Short FTSE China 25 ETF\">YXI</a>, <a href=\"https://seekingalpha.com/symbol/chxf\" title=\"WisdomTree China Dividend ex-Financials ETF\">CHXF</a>, <a href=\"https://seekingalpha.com/symbol/fca\" title=\"First Trust China AlphaDEX ETF\">FCA</a>, <a href=\"https://seekingalpha.com/symbol/cn\" title=\"Deutsche X-trackers Harvest MSCI All China Equity ETF\">CN</a>, <a href=\"https://seekingalpha.com/symbol/fchi\" title=\"iShares FTSE China (HK-Listed) Index ETF\">FCHI</a>, <a href=\"https://seekingalpha.com/symbol/chna\" title=\"PowerShares China A - Share Portfolio ETF\">CHNA</a>, <a href=\"https://seekingalpha.com/symbol/kba\" title=\"KraneShares Bosera MSCI China A ETF\">KBA</a>, <a href=\"https://seekingalpha.com/symbol/fhk\" title=\"First Trust Hong Kong AlphaDex ETF\">FHK</a>\n</li>\n</ul><div class=\"tiny-share-widget\" data-id=\"2228686\" data-linked=\"Shanghai bounces after yesterday&#39;s plunge\" data-tweet=\"$FXI $EWH $PGJ - Shanghai bounces after yesterday&#39;s plunge https://seekingalpha.com/news/2228686-shanghai-bounces-after-yesterdays-plunge?source=tweet\" data-url=\"https://seekingalpha.com/news/2228686-shanghai-bounces-after-yesterdays-plunge\"><div class=\"icon share-btn c-email\" title=\"Email a friend\">&nbsp;</div><div class=\"icon share-btn c-twitter\" title=\"Share on Twitter\">&nbsp;</div><div class=\"icon share-btn c-facebook\" title=\"Share on Facebook\">&nbsp;</div><div class=\"icon share-btn c-linkedin\" title=\"Share on Linkedin\">&nbsp;</div></div><span class=\"mc_gray_separator\">|</span>  9:17 PM <span class='mc_gray_separator'>|</span> <span class='comments-n'><span class='comments-container '>8&nbsp;<span class='comments-number'>Comments</span></span></span></div></div></li>","count":1,"message":null,"success":true,"today":{"start":1576990800,"end":1577077199,"str":"Sunday, December 22, 2019"},"yesterday":{"start":1576904400,"end":1576990799}}