{"content":"<li class=\"n-box-item date-title\" data-end=\"1447649999\" data-start=\"1447563600\" data-txt=\"Sunday, December 22, 2019\">Sunday, November 15, 2015</li><li class=\"n-box-item sa-box-item\" data-id=\"2930546\" data-ts=\"1447639962\"><div class=\"media media-overflow-fix\"><div class=\"media-left\"><a class=\"box-ticker\" href=\"/symbol/\" target=\"_blank\"></a></div><div class=\"media-body\"><h4 class=\"media-heading\"><a href=\"/news/2930546-futures-retreat-after-terrorist-attacks-french-response\" sasource=\"on_the_move_news_fidelity\" target=\"_blank\">Futures retreat after terrorist attacks, French response</a></h4><ul>\n<li>U.S. stock index futures are all<font color=\"red\"> lower by about 0.35%</font>, as are FTSE 100 futures, but the continent is being hit harder, with France (NYSEARCA:<a href=\"https://seekingalpha.com/symbol/EWQ\" title=\"iShares MSCI France ETF\">EWQ</a>) <font color=\"red\">down 1.6%</font> and Germany (NYSEARCA:<a href=\"https://seekingalpha.com/symbol/EWG\" title=\"iShares MSCI Germany ETF\">EWG</a>) <font color=\"red\">0.85%</font>.</li>\n<li>The euro (NYSEARCA:<a href=\"https://seekingalpha.com/symbol/FXE\" title=\"CurrencyShares Euro Trust ETF\">FXE</a>) is <font color=\"red\">off 0.5%</font> vs the dollar at $1.0718.</li>\n<li>U.S. government paper and gold are seeing bids, with the 10-year Treasury yield down two basis points to 2.25%, and gold (NYSEARCA:<a href=\"https://seekingalpha.com/symbol/GLD\" title=\"SPDR Gold Trust ETF\">GLD</a>) <font color=\"green\">higher by 1%</font> to $1,091.50 per ounce.</li>\n<li>Previously: <a href=\"https://seekingalpha.com/news/2930536-french-warplanes-strike-islamic-state-targets-in-syria\" target=\"_blank\">French warplanes strike Islamic State targets in Syria</a> (Nov. 15)</li>\n</ul><div class=\"tiny-share-widget\" data-id=\"2930546\" data-linked=\"Futures retreat after terrorist attacks, French response\" data-tweet=\"$EWQ $EWG $FXE - Futures retreat after terrorist attacks, French response https://seekingalpha.com/news/2930546-futures-retreat-after-terrorist-attacks-french-response?source=tweet\" data-url=\"https://seekingalpha.com/news/2930546-futures-retreat-after-terrorist-attacks-french-response\"><div class=\"icon share-btn c-email\" title=\"Email a friend\">&nbsp;</div><div class=\"icon share-btn c-twitter\" title=\"Share on Twitter\">&nbsp;</div><div class=\"icon share-btn c-facebook\" title=\"Share on Facebook\">&nbsp;</div><div class=\"icon share-btn c-linkedin\" title=\"Share on Linkedin\">&nbsp;</div></div><span class=\"mc_gray_separator\">|</span>  9:12 PM <span class='mc_gray_separator'>|</span> <span class='comments-n'><span class='comments-container '>32&nbsp;<span class='comments-number'>Comments</span></span></span></div></div></li>","count":1,"message":null,"success":true,"today":{"start":1576990800,"end":1577077199,"str":"Sunday, December 22, 2019"},"yesterday":{"start":1576904400,"end":1576990799}}